smiles_orig,smiles_adv,pred_orig,pred_adv,shift
CC1CN(C(=O)Cc2ccccc2)CC=C1c1cc(NC(=O)C2CC2)nc2[nH]ccc12,CC1CN(C(=O)Cc2ccccc2)CC=C1c1cc(NC(=O)C2CC2)nc2[nH]ccc12.c1ccc(-c2nc3ccccc3o2)cc1,6.973746299743652,6.915040969848633,-0.05870532989501953
Cc1nn(C)cc1C(=O)N1CCC2(CC1)CC2CNC(=O)N1Cc2ccncc2C1,Cc1nn(C)cc1C(=O)N1CCC2(CC1)CC2CNC(=O)N1Cc2ccncc2C1.N#Cc1ccccc1,7.5534234046936035,7.7078423500061035,0.1544189453125
Clc1ccc(C(c2ccc(Cl)cc2)c2nnc(-c3ccccc3)[nH]2)cc1,Clc1ccc(C(c2ccc(Cl)cc2)c2nnc(-c3ccccc3)[nH]2)cc1.c1csc(-c2cccs2)c1,5.537698268890381,5.459019184112549,-0.07867908477783203
CC(C)(C)CNCC(O)CNC(=O)CC1c2ccccc2-c2ccccc21,C=C(C(=O)O)c1ccccc1.CC(C)(C)CNCC(O)CNC(=O)CC1c2ccccc2-c2ccccc21,6.16412878036499,6.158259391784668,-0.005869388580322266
CC(=O)OC1C(CN(C)C/C=C\CN)OC(n2cnc3c(N)ncnc32)C1OC(C)=O,CC(=O)OC1C(CN(C)C/C=C\CN)OC(n2cnc3c(N)ncnc32)C1OC(C)=O.O=C1Nc2ccccc2C1=O,5.9343695640563965,5.977786064147949,0.043416500091552734
Cc1c(-c2[nH]c3ccc(N4C[C@@H](C)NC[C@H]4C)nc3c2C(C)C)cn2ncnc2c1C,Cc1c(-c2[nH]c3ccc(N4C[C@@H](C)NC[C@H]4C)nc3c2C(C)C)cn2ncnc2c1C.c1csc(-c2cccs2)c1,7.104109287261963,6.978302001953125,-0.1258072853088379
COc1cc(/C=C/C(=O)O)ccc1S,C=C(C(=O)O)c1ccccc1.COc1cc(/C=C/C(=O)O)ccc1S,5.65415620803833,5.669408798217773,0.01525259017944336
CC(=O)c1cccc(-c2cccc(Nc3nccc(C(F)(F)F)n3)c2)c1,CC(=O)c1cccc(-c2cccc(Nc3nccc(C(F)(F)F)n3)c2)c1.O=C1Nc2ccccc2C1=O,6.227962017059326,6.416940689086914,0.1889786720275879
CC(C)N(C(=O)CN1C(=O)C(CC(=O)Nc2ccccc2)C(=O)N(c2ccccc2)c2ccccc21)c1ccccc1,CC(C)N(C(=O)CN1C(=O)C(CC(=O)Nc2ccccc2)C(=O)N(c2ccccc2)c2ccccc21)c1ccccc1.c1ccc(-c2nc3ccccc3o2)cc1,6.2583441734313965,6.12030553817749,-0.13803863525390625
CCn1cc2c(nc(NC(=O)Cc3cccs3)n3nc(-c4ccco4)nc23)n1,CCn1cc2c(nc(NC(=O)Cc3cccs3)n3nc(-c4ccco4)nc23)n1.c1ccc(-c2nc3ccccc3o2)cc1,7.130918025970459,7.2715020179748535,0.14058399200439453
COc1cc(-c2[nH]c3cc(F)c(C4CCN(C5COC5)CC4)nc3c2C(C)C)cn2ncnc12,COc1cc(-c2[nH]c3cc(F)c(C4CCN(C5COC5)CC4)nc3c2C(C)C)cn2ncnc12.N#Cc1ccccc1,7.5863494873046875,7.641866207122803,0.055516719818115234
Cc1cc(Cl)cnc1C(=O)Nc1ccc2c(c1)C1(COC(N)=N1)C1(CC1)CO2,Cc1cc(Cl)cnc1C(=O)Nc1ccc2c(c1)C1(COC(N)=N1)C1(CC1)CO2.c1ccc(-c2nc3ccccc3o2)cc1,6.785556793212891,6.7549943923950195,-0.030562400817871094
O=S(=O)(c1ccc(Cl)cc1)N1[C@H]2CC[C@@H]([C@H]1c1ccc(C(F)(F)F)cc1)[C@@H](O)C2,O=S(=O)(c1ccc(Cl)cc1)N1[C@H]2CC[C@@H]([C@H]1c1ccc(C(F)(F)F)cc1)[C@@H](O)C2.c1ccc(-c2nc3ccccc3o2)cc1,6.904204368591309,6.5546770095825195,-0.34952735900878906
C(=C/c1ccc(Cc2ccccc2)cc1)\CN1CCCC1,C(=C/c1ccc(Cc2ccccc2)cc1)\CN1CCCC1.c1ccc(-c2nc3ccccc3o2)cc1,6.040997505187988,5.925054550170898,-0.11594295501708984
C=CCn1ncc(C2CCCNC2)n1,C=CCn1ncc(C2CCCNC2)n1.c1csc(-c2cccs2)c1,6.656274795532227,6.626913547515869,-0.029361248016357422
C[C@H]1[C@H](c2ccc(CN3CCS(=O)(=O)CC3)n2C)O[C@@H]2O[C@@]3(C)CC[C@H]4[C@H](C)CC[C@@H]1[C@@]24OO3,C[C@H]1[C@H](c2ccc(CN3CCS(=O)(=O)CC3)n2C)O[C@@H]2O[C@@]3(C)CC[C@H]4[C@H](C)CC[C@@H]1[C@@]24OO3.N#Cc1ccccc1,6.650150775909424,6.673745155334473,0.023594379425048828
CC(=O)N1CCC(c2ccc(NC(=O)c3ncc(C#N)[nH]3)c(C3=CCCCC3)c2)CC1,CC(=O)N1CCC(c2ccc(NC(=O)c3ncc(C#N)[nH]3)c(C3=CCCCC3)c2)CC1.c1csc(-c2cccs2)c1,7.806670188903809,7.654013633728027,-0.15265655517578125
CCCCCn1cc(C(=O)NC23CC4CC(CC(C4)C2)C3)c(=O)n2nc(C)nc12,C=C(C(=O)O)c1ccccc1.CCCCCn1cc(C(=O)NC23CC4CC(CC(C4)C2)C3)c(=O)n2nc(C)nc12,6.506516933441162,6.567050933837891,0.060534000396728516
Fc1ccc([C@@H]2CC3CCC(N3)[C@H]2COc2ccc3c(c2)OCO3)cc1,Fc1ccc([C@@H]2CC3CCC(N3)[C@H]2COc2ccc3c(c2)OCO3)cc1.c1ccc(-c2nc3ccccc3o2)cc1,6.883431434631348,6.969247341156006,0.0858159065246582
CC(CN(C(=O)c1csc2ccccc12)C1CCC2(CC1)OCCO2)c1ccc(Cl)cc1,C=C(C(=O)O)c1ccccc1.CC(CN(C(=O)c1csc2ccccc12)C1CCC2(CC1)OCCO2)c1ccc(Cl)cc1,6.723604679107666,6.6553497314453125,-0.06825494766235352
N#Cc1ccc(N2[C@@H]3CC[C@H]2C[C@@H](O)C3)cc1Cl,C=C(C(=O)O)c1ccccc1.N#Cc1ccc(N2[C@@H]3CC[C@H]2C[C@@H](O)C3)cc1Cl,6.787822246551514,6.869016647338867,0.08119440078735352
Cl.c1ccc2c(Cc3c[nH]cn3)cccc2c1,Cl.c1ccc2c(Cc3c[nH]cn3)cccc2c1.c1csc(-c2cccs2)c1,6.194537162780762,6.109219551086426,-0.08531761169433594
O=c1cc(Cn2c[n+](CCCCCn3c[n+](Cc4cc(=O)oc5cc(O)ccc45)c4ccccc43)c3ccccc32)c2ccc(O)cc2o1.[Cl-].[Cl-],O=c1cc(Cn2c[n+](CCCCCn3c[n+](Cc4cc(=O)oc5cc(O)ccc45)c4ccccc43)c3ccccc32)c2ccc(O)cc2o1.[Cl-].[Cl-].c1ccc(-c2nc3ccccc3o2)cc1,5.482539653778076,5.777440547943115,0.29490089416503906
COc1ccc(-c2ccc3ncnc(NCCN4CCOCC4)c3c2)cn1,COc1ccc(-c2ccc3ncnc(NCCN4CCOCC4)c3c2)cn1.c1csc(-c2cccs2)c1,6.599181175231934,6.527891635894775,-0.0712895393371582
CCOc1c(OC)cc(/C=C/C(=O)c2ccncc2)cc1OC,CCOc1c(OC)cc(/C=C/C(=O)c2ccncc2)cc1OC.O=C1Nc2ccccc2C1=O,5.861738204956055,5.840080738067627,-0.021657466888427734
CCc1ccc(OCc2ccccc2C(=O)Nc2ccc3nc(C)cc(N)c3c2)cc1.Cl,CCc1ccc(OCc2ccccc2C(=O)Nc2ccc3nc(C)cc(N)c3c2)cc1.Cl.O=C1Nc2ccccc2C1=O,6.112043857574463,6.174943447113037,0.06289958953857422
CCn1nc(C(=O)NC[C@H]2CC[C@H](S(C)(=O)=O)CC2)c(Cl)c1-c1ccc(OC(C)C(F)(F)F)cc1OC,CCn1nc(C(=O)NC[C@H]2CC[C@H](S(C)(=O)=O)CC2)c(Cl)c1-c1ccc(OC(C)C(F)(F)F)cc1OC.c1ccc(-c2nc3ccccc3o2)cc1,7.633494853973389,7.526350498199463,-0.10714435577392578
COC(=O)/C=C/[C@H](CC(C)C)NC(=O)CN1C(=O)[C@@H](COC(=O)Nc2ccc(Cl)cc2C(F)(F)F)N=C(c2ccccc2)c2ccccc21,C=C(C(=O)O)c1ccccc1.COC(=O)/C=C/[C@H](CC(C)C)NC(=O)CN1C(=O)[C@@H](COC(=O)Nc2ccc(Cl)cc2C(F)(F)F)N=C(c2ccccc2)c2ccccc21,6.167769908905029,6.125201225280762,-0.04256868362426758
CN(Cc1ccc2nc(N)nc(N)c2n1)c1c(Cl)cccc1Cl,CN(Cc1ccc2nc(N)nc(N)c2n1)c1c(Cl)cccc1Cl.c1csc(-c2cccs2)c1,6.524072170257568,6.429961681365967,-0.09411048889160156
COc1ccc(-c2cnc(N)c(-c3ccc(NC(=O)c4cn(CC5CCOCC5)cc(-c5ccc(C)cn5)c4=O)cc3)c2)cc1OC,C=C(C(=O)O)c1ccccc1.COc1ccc(-c2cnc(N)c(-c3ccc(NC(=O)c4cn(CC5CCOCC5)cc(-c5ccc(C)cn5)c4=O)cc3)c2)cc1OC,7.7391862869262695,7.624857425689697,-0.11432886123657227
COCC/C(=N\S(=O)(=O)Cc1ccccc1C)Nc1ccc(Oc2ccnc3cc(OC)c(OC)cc23)c(F)c1,COCC/C(=N\S(=O)(=O)Cc1ccccc1C)Nc1ccc(Oc2ccnc3cc(OC)c(OC)cc23)c(F)c1.O=C1Nc2ccccc2C1=O,6.5031514167785645,6.822926044464111,0.3197746276855469
COc1cccc(S(=O)(=O)NC(=O)c2cc(-c3ccc(C#CCO)s3)c(OC)cc2OC)c1,COc1cccc(S(=O)(=O)NC(=O)c2cc(-c3ccc(C#CCO)s3)c(OC)cc2OC)c1.c1csc(-c2cccs2)c1,6.4053263664245605,6.25623893737793,-0.14908742904663086
COc1cc(N2CC[C@H]3CN[C@H]3C2)cnc1Br,COc1cc(N2CC[C@H]3CN[C@H]3C2)cnc1Br.c1csc(-c2cccs2)c1,9.155843734741211,9.132411003112793,-0.02343273162841797
CCOC(=O)N1CCC(CNc2nc3c(s2)CCCc2ccc(F)cc2-3)CC1,CCOC(=O)N1CCC(CNc2nc3c(s2)CCCc2ccc(F)cc2-3)CC1.c1csc(-c2cccs2)c1,7.05869722366333,7.050792694091797,-0.007904529571533203
COc1ccccc1NC(=O)COC(=O)c1cc2c(s1)CCC2,COc1ccccc1NC(=O)COC(=O)c1cc2c(s1)CCC2.c1ccc(-c2nc3ccccc3o2)cc1,5.346504211425781,5.322690963745117,-0.023813247680664062
O=C(NC1CC1)c1ccc(CN2CCN(C(=O)N3CCC(c4cn[nH]c4)C3)c3ccccc32)cc1,O=C(NC1CC1)c1ccc(CN2CCN(C(=O)N3CCC(c4cn[nH]c4)C3)c3ccccc32)cc1.c1ccc(-c2nc3ccccc3o2)cc1,6.694833755493164,6.52279806137085,-0.17203569412231445
CCS(=O)(=O)c1ccc(OC2CCC(F)(F)CC2)c(-c2cn(C)c(=O)c3[nH]ccc23)c1,CCS(=O)(=O)c1ccc(OC2CCC(F)(F)CC2)c(-c2cn(C)c(=O)c3[nH]ccc23)c1.c1ccc(-c2nc3ccccc3o2)cc1,8.017780303955078,7.501155376434326,-0.516624927520752
CCC(=O)N(c1ccccc1)C1CCN(CCc2ccc(S(N)(=O)=O)cc2)CC1,CCC(=O)N(c1ccccc1)C1CCN(CCc2ccc(S(N)(=O)=O)cc2)CC1.c1csc(-c2cccs2)c1,7.391765594482422,7.3493523597717285,-0.04241323471069336
CC(=O)c1c(NS(C)(=O)=O)c2cc(-c3ccc(Cl)cc3)c(-c3ccc(Cl)cc3Cl)nc2n(C)c1=O,C=C(C(=O)O)c1ccccc1.CC(=O)c1c(NS(C)(=O)=O)c2cc(-c3ccc(Cl)cc3)c(-c3ccc(Cl)cc3Cl)nc2n(C)c1=O,6.4141316413879395,6.355382919311523,-0.058748722076416016
CN(C)c1ccc(-c2ccc3ncnc(Nc4cccc5[nH]ncc45)c3c2)cc1,CN(C)c1ccc(-c2ccc3ncnc(Nc4cccc5[nH]ncc45)c3c2)cc1.N#Cc1ccccc1,6.6061625480651855,6.581876754760742,-0.02428579330444336
O=C1C[C@H]2O[C@H]([C@H](F)c3ccccc3)[C@H](O)[C@H]2O1,C=C(C(=O)O)c1ccccc1.O=C1C[C@H]2O[C@H]([C@H](F)c3ccccc3)[C@H](O)[C@H]2O1,6.034825325012207,6.035171031951904,0.0003457069396972656
NS(=O)(=O)c1cc2c(s1)[S+]([O-])CCC2O,NS(=O)(=O)c1cc2c(s1)[S+]([O-])CCC2O.O=C1Nc2ccccc2C1=O,6.720889091491699,6.3229193687438965,-0.39796972274780273
CCOc1ccc2cc(-c3nn(CC4CCCCC4)c(N)c3C(N)=O)cnc2c1,CCOc1ccc2cc(-c3nn(CC4CCCCC4)c(N)c3C(N)=O)cnc2c1.O=C1Nc2ccccc2C1=O,7.25590705871582,7.234977722167969,-0.020929336547851562
CCCCc1ccc2nc(NC(=O)c3ccc(Br)o3)sc2c1,CCCCc1ccc2nc(NC(=O)c3ccc(Br)o3)sc2c1.c1ccc(-c2nc3ccccc3o2)cc1,6.09429407119751,6.049200534820557,-0.045093536376953125
C[C@@H]1[C@H](c2ccccc2)[C@]1(NS(=O)(=O)c1ccc(-n2cc(Cl)cn2)s1)C(=O)O,C[C@@H]1[C@H](c2ccccc2)[C@]1(NS(=O)(=O)c1ccc(-n2cc(Cl)cn2)s1)C(=O)O.N#Cc1ccccc1,6.688178539276123,7.250881195068359,0.5627026557922363
CC(C)c1ccc(C(F)(F)F)c(S(N)(=O)=O)c1-c1nnn[nH]1,CC(C)c1ccc(C(F)(F)F)c(S(N)(=O)=O)c1-c1nnn[nH]1.c1ccc(-c2nc3ccccc3o2)cc1,7.734076499938965,7.399499416351318,-0.3345770835876465
[Br-].[Br-].c1cc(OCCOc2ccc(C[n+]3ccc(N4CCCC4)cc3)cc2)ccc1C[n+]1ccc(N2CCCC2)cc1,C=C(C(=O)O)c1ccccc1.[Br-].[Br-].c1cc(OCCOc2ccc(C[n+]3ccc(N4CCCC4)cc3)cc2)ccc1C[n+]1ccc(N2CCCC2)cc1,5.985632419586182,5.922842025756836,-0.0627903938293457
N#CC(c1cccnc1)N1CCN(C(=O)C(c2ccccc2)c2ccccc2)CC1,N#CC(c1cccnc1)N1CCN(C(=O)C(c2ccccc2)c2ccccc2)CC1.c1ccc(-c2nc3ccccc3o2)cc1,6.122291088104248,5.963005065917969,-0.1592860221862793
Nc1nc(F)nc2c1ncn2[C@@H]1O[C@H](COP(=O)(O)O)[C@@H](O)[C@@H]1O,Nc1nc(F)nc2c1ncn2[C@@H]1O[C@H](COP(=O)(O)O)[C@@H](O)[C@@H]1O.O=C1Nc2ccccc2C1=O,5.972900867462158,5.774725914001465,-0.19817495346069336
C#CCn1cc(-c2cncs2)nc1CCC1=NN2C(C)=CC=C(OC)C2N1,C#CCn1cc(-c2cncs2)nc1CCC1=NN2C(C)=CC=C(OC)C2N1.O=C1Nc2ccccc2C1=O,6.830699443817139,6.566639423370361,-0.26406002044677734
Cc1ccc(NC(=O)Nc2ccc(OC(CCN(C)C)c3ccccc3)cc2)cc1I,Cc1ccc(NC(=O)Nc2ccc(OC(CCN(C)C)c3ccccc3)cc2)cc1I.c1ccc(-c2nc3ccccc3o2)cc1,6.669928073883057,6.775412082672119,0.1054840087890625
CC[C@H](NC(=O)c1c(C)c(-c2ccccc2)nc2ccccc12)c1ccccc1,C=C(C(=O)O)c1ccccc1.CC[C@H](NC(=O)c1c(C)c(-c2ccccc2)nc2ccccc12)c1ccccc1,6.69161319732666,6.762640953063965,0.07102775573730469
O=C(NC(C(=O)NO)c1ccc(-c2cc(F)c(F)c(F)c2)cc1)C1CCOCC1,O=C(NC(C(=O)NO)c1ccc(-c2cc(F)c(F)c(F)c2)cc1)C1CCOCC1.c1csc(-c2cccs2)c1,6.510373115539551,6.4561262130737305,-0.05424690246582031
BrC(COc1cccc2c[n+](Cc3ccccc3)ccc12)CN(Cc1ccccc1)Cc1ccccc1.[Br-],BrC(COc1cccc2c[n+](Cc3ccccc3)ccc12)CN(Cc1ccccc1)Cc1ccccc1.C=C(C(=O)O)c1ccccc1.[Br-],6.229273319244385,6.225039482116699,-0.004233837127685547
COc1ccc(N(Cc2noc(-c3ccccc3)n2)C(=O)CCCCCC(=O)NO)cc1,COc1ccc(N(Cc2noc(-c3ccccc3)n2)C(=O)CCCCCC(=O)NO)cc1.c1ccc(-c2nc3ccccc3o2)cc1,6.454192161560059,6.422638416290283,-0.03155374526977539
Fc1cc(-c2cc(NCCCC3CCCNC3)c3ccccc3n2)cc(F)c1F,C=C(C(=O)O)c1ccccc1.Fc1cc(-c2cc(NCCCC3CCCNC3)c3ccccc3n2)cc(F)c1F,6.316463470458984,6.474562644958496,0.15809917449951172
C[C@@H]1C2CC(C2)N(C(=O)c2cc(C#N)ccc2-n2nccn2)C1COc1ccc(F)cc1,C[C@@H]1C2CC(C2)N(C(=O)c2cc(C#N)ccc2-n2nccn2)C1COc1ccc(F)cc1.O=C1Nc2ccccc2C1=O,6.818679332733154,6.969693183898926,0.15101385116577148
CN1CCCC1CCNc1nc(Nc2ccc(Cl)c(Cl)c2)nc2ccc(Cl)cc12.Cl.Cl.Cl.Cl.Cl,CN1CCCC1CCNc1nc(Nc2ccc(Cl)c(Cl)c2)nc2ccc(Cl)cc12.Cl.Cl.Cl.Cl.Cl.N#Cc1ccccc1,6.681718349456787,6.672937393188477,-0.008780956268310547
NC(=O)CCN[C@@H](c1ccc(Cl)c(C(=O)c2cnc(N)cn2)c1F)C1CC1,NC(=O)CCN[C@@H](c1ccc(Cl)c(C(=O)c2cnc(N)cn2)c1F)C1CC1.O=C1Nc2ccccc2C1=O,6.91306209564209,6.8839430809021,-0.029119014739990234
CCOc1cc(=O)n(C)cc1-c1cc(NC(=O)Cc2noc3ccccc23)ccc1Oc1ccc(F)cc1F,CCOc1cc(=O)n(C)cc1-c1cc(NC(=O)Cc2noc3ccccc23)ccc1Oc1ccc(F)cc1F.O=C1Nc2ccccc2C1=O,6.817407608032227,7.189950466156006,0.3725428581237793
COc1cc(Cc2cnc(N)nc2N)cc(/C=C/C(=O)N2N=Cc3ccccc3C2c2ccccc2)c1OC,COc1cc(Cc2cnc(N)nc2N)cc(/C=C/C(=O)N2N=Cc3ccccc3C2c2ccccc2)c1OC.c1csc(-c2cccs2)c1,6.275753021240234,6.243156909942627,-0.03259611129760742
COc1cccc2c1C[C@@H]1[C@H](/C=C/c3ccccc3)c3c(OC)cccc3O[C@]1(c1ccccc1)O2,COc1cccc2c1C[C@@H]1[C@H](/C=C/c3ccccc3)c3c(OC)cccc3O[C@]1(c1ccccc1)O2.c1ccc(-c2nc3ccccc3o2)cc1,6.314302921295166,6.353321552276611,0.03901863098144531
Clc1ccccc1CSc1nnc(/C=C/c2ccccc2)o1,Clc1ccccc1CSc1nnc(/C=C/c2ccccc2)o1.c1csc(-c2cccs2)c1,5.50034761428833,5.421668529510498,-0.07867908477783203
CSc1ccc(C2CN(C)Cc3cc(Oc4ncc(CN5CCCCC5)s4)ccc32)cc1,CSc1ccc(C2CN(C)Cc3cc(Oc4ncc(CN5CCCCC5)s4)ccc32)cc1.c1csc(-c2cccs2)c1,7.669454574584961,7.66141939163208,-0.00803518295288086
CC(=O)N[C@H](C(=O)N[C@@H](CC(N)=O)C(=O)NC(C)C(=O)C(F)(F)F)C(C)C,CC(=O)N[C@H](C(=O)N[C@@H](CC(N)=O)C(=O)NC(C)C(=O)C(F)(F)F)C(C)C.c1ccc(-c2nc3ccccc3o2)cc1,6.155861854553223,6.302913188934326,0.14705133438110352
Cc1cc(O)n(-c2cc(C(=O)O)ccn2)n1,C=C(C(=O)O)c1ccccc1.Cc1cc(O)n(-c2cc(C(=O)O)ccn2)n1,5.866496562957764,5.866070747375488,-0.0004258155822753906
O=C(c1ccc(-c2nc(COc3ccc(-c4nnco4)cc3)no2)s1)C(F)(F)F,N#Cc1ccccc1.O=C(c1ccc(-c2nc(COc3ccc(-c4nnco4)cc3)no2)s1)C(F)(F)F,6.350360870361328,6.278196334838867,-0.07216453552246094
O=C(O)c1ccc(Cn2cnc3ccc(C#CCN4CCOCC4)cc3c2=O)cc1,O=C(O)c1ccc(Cn2cnc3ccc(C#CCN4CCOCC4)cc3c2=O)cc1.c1csc(-c2cccs2)c1,6.344757080078125,6.318901538848877,-0.025855541229248047
CCC(c1ccccc1)N1CC[C@H]1[C@@H](N)c1cccc(Cl)c1,CCC(c1ccccc1)N1CC[C@H]1[C@@H](N)c1cccc(Cl)c1.c1csc(-c2cccs2)c1,6.648123741149902,6.67157506942749,0.02345132827758789
Cc1ccc(CNc2nc(NCC3(N)CC3)nc3c2cnn3C)cc1Cl,C=C(C(=O)O)c1ccccc1.Cc1ccc(CNc2nc(NCC3(N)CC3)nc3c2cnn3C)cc1Cl,6.7557477951049805,6.744175434112549,-0.01157236099243164
FC(F)(F)Oc1cccc(-n2nnc3ccc(NCCc4cccnc4)nc32)c1,FC(F)(F)Oc1cccc(-n2nnc3ccc(NCCc4cccnc4)nc32)c1.c1ccc(-c2nc3ccccc3o2)cc1,6.063831329345703,5.739874839782715,-0.3239564895629883
NCC[C@@H]1CCCN(c2cccc(-c3n[nH]c4cnc(-c5cccnc5)cc34)n2)C1,NCC[C@@H]1CCCN(c2cccc(-c3n[nH]c4cnc(-c5cccnc5)cc34)n2)C1.O=C1Nc2ccccc2C1=O,9.282705307006836,9.016107559204102,-0.2665977478027344
O=C(O)c1nc2c(O)nc3ccc(Cl)cc3n2n1,C=C(C(=O)O)c1ccccc1.O=C(O)c1nc2c(O)nc3ccc(Cl)cc3n2n1,6.035543441772461,5.947569847106934,-0.08797359466552734
N#Cc1cc(-c2ccnc3[nH]c(-c4ccc(N5CCOCC5)cc4)cc23)ccc1N1CC(O)C1,N#Cc1cc(-c2ccnc3[nH]c(-c4ccc(N5CCOCC5)cc4)cc23)ccc1N1CC(O)C1.O=C1Nc2ccccc2C1=O,7.044140338897705,6.696484565734863,-0.3476557731628418
O=C1CCS[C@@H]2[C@@H](O)[C@@H](O)[C@H](O)[C@@H](CO)N12,N#Cc1ccccc1.O=C1CCS[C@@H]2[C@@H](O)[C@@H](O)[C@H](O)[C@@H](CO)N12,5.8881306648254395,6.254896640777588,0.36676597595214844
COc1cc(N2CCN(C(C)C)CC2)ccc1Nc1nc(Nc2ccsc2C(N)=O)c2cc[nH]c2n1,COc1cc(N2CCN(C(C)C)CC2)ccc1Nc1nc(Nc2ccsc2C(N)=O)c2cc[nH]c2n1.c1csc(-c2cccs2)c1,7.048251628875732,7.055508613586426,0.007256984710693359
C=C1C[C@](OC)([C@H](O)C(=O)N[C@H]2OCO[C@H]3[C@@H]2O[C@H](C[C@H](O)CO)C(C)(C)[C@@H]3OC)O[C@H](C)[C@@H]1C,C=C1C[C@](OC)([C@H](O)C(=O)N[C@H]2OCO[C@H]3[C@@H]2O[C@H](C[C@H](O)CO)C(C)(C)[C@@H]3OC)O[C@H](C)[C@@H]1C.N#Cc1ccccc1,7.12885856628418,7.43548583984375,0.3066272735595703
N#C[C@H]1C[C@@H](N2CCC2)CC[C@@H]1n1cc(C(N)=O)c(Nc2ccc(Cl)cc2)n1,N#C[C@H]1C[C@@H](N2CCC2)CC[C@@H]1n1cc(C(N)=O)c(Nc2ccc(Cl)cc2)n1.O=C1Nc2ccccc2C1=O,7.5199151039123535,7.220029830932617,-0.29988527297973633
CCCCNC(=O)COc1ccc(/C=C/c2cc(OC)cc(OC)c2/C=C/[N+](=O)[O-])cc1,CCCCNC(=O)COc1ccc(/C=C/c2cc(OC)cc(OC)c2/C=C/[N+](=O)[O-])cc1.O=C1Nc2ccccc2C1=O,5.812745571136475,5.783364772796631,-0.02938079833984375
Cc1nc2ncc(Oc3ccc(F)c4cccnc34)nc2c(=O)n1C[C@H]1CCCN(C(C)C)C1,Cc1nc2ncc(Oc3ccc(F)c4cccnc34)nc2c(=O)n1C[C@H]1CCCN(C(C)C)C1.O=C1Nc2ccccc2C1=O,7.122973918914795,7.127257347106934,0.004283428192138672
COc1ccc2cc(CN3CCN(C(=O)Nc4ccccc4)CC3)ccc2c1,COc1ccc2cc(CN3CCN(C(=O)Nc4ccccc4)CC3)ccc2c1.c1csc(-c2cccs2)c1,5.902582168579102,5.894915580749512,-0.007666587829589844
O=C1CCC(=O)N1c1cc(Cc2n[nH]c(=O)c3c2NCCC3)ccc1F,O=C1CCC(=O)N1c1cc(Cc2n[nH]c(=O)c3c2NCCC3)ccc1F.c1ccc(-c2nc3ccccc3o2)cc1,7.653854846954346,7.348397731781006,-0.30545711517333984
Nc1nc2ccc(-c3c(-c4ccc(F)cc4)nc4sccn34)cc2n1CC1CC1,Nc1nc2ccc(-c3c(-c4ccc(F)cc4)nc4sccn34)cc2n1CC1CC1.c1ccc(-c2nc3ccccc3o2)cc1,6.578250408172607,6.550309181213379,-0.027941226959228516
CN1/C(=C/C(=O)c2nc(S(C)(=O)=O)ncc2Cl)C(C)(C)c2ccccc21,CN1/C(=C/C(=O)c2nc(S(C)(=O)=O)ncc2Cl)C(C)(C)c2ccccc21.c1csc(-c2cccs2)c1,6.109995365142822,6.038893222808838,-0.07110214233398438
COCC(=O)N(c1ccccc1)C1CCN(CCc2ccccc2)CC1C,COCC(=O)N(c1ccccc1)C1CCN(CCc2ccccc2)CC1C.c1ccc(-c2nc3ccccc3o2)cc1,7.657389163970947,7.664741039276123,0.007351875305175781
O=C(O)[C@H]1CC[C@@H](c2nc(C3(CN[C@H]4CC4c4ccccc4)CC3)no2)CC1,O=C(O)[C@H]1CC[C@@H](c2nc(C3(CN[C@H]4CC4c4ccccc4)CC3)no2)CC1.c1ccc(-c2nc3ccccc3o2)cc1,6.305196762084961,6.270174026489258,-0.035022735595703125
CC(C)CS(=O)(=O)N1CCN(c2ccc(-c3cc(-c4cnn(C)c4)cn4ncc(C#N)c34)cn2)CC1,CC(C)CS(=O)(=O)N1CCN(c2ccc(-c3cc(-c4cnn(C)c4)cn4ncc(C#N)c34)cn2)CC1.c1csc(-c2cccs2)c1,7.521894454956055,7.413614273071289,-0.10828018188476562
CCc1nc2ccc(C3=CCN(S(C)(=O)=O)CC3)cn2c1N(C)c1nc(-c2ccc(F)cc2)no1,CCc1nc2ccc(C3=CCN(S(C)(=O)=O)CC3)cn2c1N(C)c1nc(-c2ccc(F)cc2)no1.c1ccc(-c2nc3ccccc3o2)cc1,6.728023529052734,6.51547908782959,-0.21254444122314453
CSC(=N)NCC[C@H](C)[C@H](N)C(=O)OC(C)(C)C,CSC(=N)NCC[C@H](C)[C@H](N)C(=O)OC(C)(C)C.c1ccc(-c2nc3ccccc3o2)cc1,5.82513952255249,6.282167911529541,0.4570283889770508
CC(C)=CCC/C(C)=C/CC/C(C)=C/CC/C(C)=C/[n+]1ccn(C)c1.[Br-],C=C(C(=O)O)c1ccccc1.CC(C)=CCC/C(C)=C/CC/C(C)=C/CC/C(C)=C/[n+]1ccn(C)c1.[Br-],5.4490532875061035,5.653890609741211,0.20483732223510742
CCCCCc1c(C(=O)OCC)c(C(=O)OCC)c2c(-c3ccccc3)cc(N3CCOCC3)nn12,CCCCCc1c(C(=O)OCC)c(C(=O)OCC)c2c(-c3ccccc3)cc(N3CCOCC3)nn12.N#Cc1ccccc1,6.249191761016846,6.40212345123291,0.15293169021606445
CCCCC(CC)Cn1c(N)c(C#N)c2nc3ccccc3nc21,CCCCC(CC)Cn1c(N)c(C#N)c2nc3ccccc3nc21.N#Cc1ccccc1,5.758545398712158,5.7806620597839355,0.022116661071777344
Cc1ccc(C(=O)Nc2cccc(C(C)C(F)(F)c3nncn3C)c2)nc1C1CC1,Cc1ccc(C(=O)Nc2cccc(C(C)C(F)(F)c3nncn3C)c2)nc1C1CC1.N#Cc1ccccc1,7.219154357910156,7.262222766876221,0.04306840896606445
Cc1cccc2c1CN(CC(O)COc1cccc(-c3ccc4ncn(C)c4c3)c1)CC2,C=C(C(=O)O)c1ccccc1.Cc1cccc2c1CN(CC(O)COc1cccc(-c3ccc4ncn(C)c4c3)c1)CC2,6.394126892089844,6.22760534286499,-0.16652154922485352
CN1[C@@H](CC(=O)c2ccccc2)CCC[C@H]1C[C@H](OC(=O)c1cccs1)c1ccccc1.Cl,CN1[C@@H](CC(=O)c2ccccc2)CCC[C@H]1C[C@H](OC(=O)c1cccs1)c1ccccc1.Cl.N#Cc1ccccc1,6.359806060791016,6.478230953216553,0.11842489242553711
O=C(c1cc(Cl)cc(Cl)c1)c1cc(Cl)ccc1OCCn1ccc(=O)[nH]c1=O,O=C(c1cc(Cl)cc(Cl)c1)c1cc(Cl)ccc1OCCn1ccc(=O)[nH]c1=O.O=C1Nc2ccccc2C1=O,6.584911346435547,6.423492908477783,-0.16141843795776367
CCCCCCSC[C@H](NC(C)=O)C(=O)CCl,CCCCCCSC[C@H](NC(C)=O)C(=O)CCl.N#Cc1ccccc1,5.598365306854248,5.970149993896484,0.37178468704223633
N#CC1CCN(C(=O)[C@H](CCCN[C@@H]2C[C@H]2c2ccc(F)cc2)NC(=O)c2ccc(-n3ccnn3)cc2)CC1,N#CC1CCN(C(=O)[C@H](CCCN[C@@H]2C[C@H]2c2ccc(F)cc2)NC(=O)c2ccc(-n3ccnn3)cc2)CC1.c1csc(-c2cccs2)c1,6.285811901092529,6.190449237823486,-0.09536266326904297
CNC(=O)c1cc(Oc2ccc(NC(=O)Nc3ccc(SCC(=O)O)c(F)c3)c(F)c2)ccn1,CNC(=O)c1cc(Oc2ccc(NC(=O)Nc3ccc(SCC(=O)O)c(F)c3)c(F)c2)ccn1.N#Cc1ccccc1,6.2467169761657715,6.10620641708374,-0.14051055908203125
Cc1nc2n(c(=O)c1CCN1CCN(c3nsc4ccccc34)CC1)CCCC2Cl,Cc1nc2n(c(=O)c1CCN1CCN(c3nsc4ccccc34)CC1)CCCC2Cl.O=C1Nc2ccccc2C1=O,7.606136798858643,7.756213188171387,0.15007638931274414
C[C@@]1(O)[C@H](O)[C@@H](CO)O[C@H]1n1cnc2cnc(N)nc21,C[C@@]1(O)[C@H](O)[C@@H](CO)O[C@H]1n1cnc2cnc(N)nc21.N#Cc1ccccc1,6.272805213928223,6.514109134674072,0.2413039207458496
CN(C)c1ccc(SCC(=O)C(F)(F)F)cc1,CN(C)c1ccc(SCC(=O)C(F)(F)F)cc1.c1ccc(-c2nc3ccccc3o2)cc1,6.028685092926025,5.941319942474365,-0.08736515045166016
O=C(C1CCN(c2nnc(-n3cccc3)s2)CC1)N1CCC(Cc2ccccc2)CC1,O=C(C1CCN(c2nnc(-n3cccc3)s2)CC1)N1CCC(Cc2ccccc2)CC1.O=C1Nc2ccccc2C1=O,6.3556742668151855,6.493417739868164,0.13774347305297852
O=C1C(Cl)C(c2ccc(Cl)cc2)N1c1ccc(I)cc1,O=C1C(Cl)C(c2ccc(Cl)cc2)N1c1ccc(I)cc1.c1csc(-c2cccs2)c1,5.838552951812744,5.759873867034912,-0.07867908477783203
[2H]C([2H])(O)[C@@H](Nc1nc(Nc2ccc3c(c2)C(C)(C)NC3=O)ncc1-c1nnco1)c1ccc(F)cc1,[2H]C([2H])(O)[C@@H](Nc1nc(Nc2ccc3c(c2)C(C)(C)NC3=O)ncc1-c1nnco1)c1ccc(F)cc1.c1ccc(-c2nc3ccccc3o2)cc1,7.1768388748168945,7.138599395751953,-0.038239479064941406
COCCOCCOCCOc1cc(Nc2nccc(Oc3ccc(NC(=O)Nc4cc(C(C)(C)C)nn4-c4ccc(C)cc4)c4ccccc34)n2)cc(OC)c1Cl,COCCOCCOCCOc1cc(Nc2nccc(Oc3ccc(NC(=O)Nc4cc(C(C)(C)C)nn4-c4ccc(C)cc4)c4ccccc34)n2)cc(OC)c1Cl.c1ccc(-c2nc3ccccc3o2)cc1,7.103119373321533,7.043164253234863,-0.05995512008666992
CCSC(=S)SCC(=O)c1ccc(NC(=O)c2cccnc2)cc1,C=C(C(=O)O)c1ccccc1.CCSC(=S)SCC(=O)c1ccc(NC(=O)c2cccnc2)cc1,5.705575466156006,5.593058109283447,-0.1125173568725586
COCC1COC(C2CCCN2C(=O)C2CCCN2C(=O)OCc2ccccc2)O1,COCC1COC(C2CCCN2C(=O)C2CCCN2C(=O)OCc2ccccc2)O1.c1ccc(-c2nc3ccccc3o2)cc1,6.169130802154541,6.222519397735596,0.05338859558105469
CCn1ccc2cc(-c3cnc(N)nc3-c3cc(F)ccc3O)ccc21,CCn1ccc2cc(-c3cnc(N)nc3-c3cc(F)ccc3O)ccc21.N#Cc1ccccc1,7.026872634887695,7.398686408996582,0.3718137741088867
COc1ccccc1CC(c1ccc(F)cc1)N1CCNCC1,COc1ccccc1CC(c1ccc(F)cc1)N1CCNCC1.c1ccc(-c2nc3ccccc3o2)cc1,6.578517436981201,6.5063982009887695,-0.07211923599243164
CS(=O)(=O)Nc1c(O)ccc2c1CCCC2C1=NCCN1,CS(=O)(=O)Nc1c(O)ccc2c1CCCC2C1=NCCN1.c1ccc(-c2nc3ccccc3o2)cc1,6.680334568023682,6.278952598571777,-0.4013819694519043
C/C(=C\CC/C(C)=C/CC[C@@H]1[C@@]2(C)CCC(=O)C(C)(C)[C@H]2CC[C@@]1(C)O)CC/C=C(\C)C(=O)OCc1cn(-c2cccc(O)c2)nn1,C/C(=C\CC/C(C)=C/CC[C@@H]1[C@@]2(C)CCC(=O)C(C)(C)[C@H]2CC[C@@]1(C)O)CC/C=C(\C)C(=O)OCc1cn(-c2cccc(O)c2)nn1.C=C(C(=O)O)c1ccccc1,5.131614685058594,5.214945316314697,0.08333063125610352
COc1ccc(N(c2cccc3nc(Nc4c(C)cc(Cl)cc4OC)n(C)c23)C(C)C)cn1,COc1ccc(N(c2cccc3nc(Nc4c(C)cc(Cl)cc4OC)n(C)c23)C(C)C)cn1.N#Cc1ccccc1,7.034222602844238,7.301519870758057,0.26729726791381836
COC(=O)[C@@H](C)NC(=O)c1ccc2c(c1)nc(Nc1ccc(OC(F)(F)F)cc1)n2C1CC(C)CC(C)(C)C1,COC(=O)[C@@H](C)NC(=O)c1ccc2c(c1)nc(Nc1ccc(OC(F)(F)F)cc1)n2C1CC(C)CC(C)(C)C1.N#Cc1ccccc1,6.615769386291504,6.549801826477051,-0.06596755981445312
C[C@H]1C[C@@H](C)C(=O)[C@@H]([C@H](O)CC2CC(=O)NC(=O)C2)C1,C[C@H]1C[C@@H](C)C(=O)[C@@H]([C@H](O)CC2CC(=O)NC(=O)C2)C1.c1ccc(-c2nc3ccccc3o2)cc1,5.96026611328125,6.243288040161133,0.2830219268798828
Cc1cc(O)nc(-n2nc(C)cc2C)n1,Cc1cc(O)nc(-n2nc(C)cc2C)n1.c1csc(-c2cccs2)c1,5.840123176574707,5.843996524810791,0.0038733482360839844
COc1cc(-c2cc(F)cc(F)c2)c(C)cc1-c1ncnc2cc(S(=O)(=O)Nc3ccon3)ccc12,COc1cc(-c2cc(F)cc(F)c2)c(C)cc1-c1ncnc2cc(S(=O)(=O)Nc3ccon3)ccc12.c1csc(-c2cccs2)c1,6.772797584533691,6.723511695861816,-0.049285888671875
CCCSc1nc(NCCNC(=S)Nc2cccc3ccccc23)c2nnn(CCc3ccccc3)c2n1,CCCSc1nc(NCCNC(=S)Nc2cccc3ccccc23)c2nnn(CCc3ccccc3)c2n1.N#Cc1ccccc1,5.438447952270508,5.738244533538818,0.29979658126831055
NCCCCCN(C(=O)Cc1c[nH]c2ccccc12)C1CCCCCC1,NCCCCCN(C(=O)Cc1c[nH]c2ccccc12)C1CCCCCC1.c1csc(-c2cccs2)c1,6.199458122253418,6.028087139129639,-0.1713709831237793
COc1cc(-c2ccc3ncnc(Nc4cccc(O)c4C)c3c2)ccc1O,COc1cc(-c2ccc3ncnc(Nc4cccc(O)c4C)c3c2)ccc1O.N#Cc1ccccc1,5.904421329498291,5.905461311340332,0.0010399818420410156
Fc1ncccc1OCC1CCN1,Fc1ncccc1OCC1CCN1.N#Cc1ccccc1,7.323763847351074,7.369831562042236,0.04606771469116211
CNc1cc(Nc2cccn([C@H]3CCC[C@@H](OC)C3)c2=O)nc2c(C(=O)NCC3(CO)CC3)cnn12,CNc1cc(Nc2cccn([C@H]3CCC[C@@H](OC)C3)c2=O)nc2c(C(=O)NCC3(CO)CC3)cnn12.O=C1Nc2ccccc2C1=O,8.923059463500977,8.21333122253418,-0.7097282409667969
CCOP(=O)(OCC)C(Nc1ccc(C)cc1)c1cc2cc(OC)ccc2[nH]c1=O,CCOP(=O)(OCC)C(Nc1ccc(C)cc1)c1cc2cc(OC)ccc2[nH]c1=O.N#Cc1ccccc1,5.523742198944092,5.63998556137085,0.11624336242675781
CC1(Nc2ccc(C(F)(F)F)cn2)CCCC1NC(=O)c1ccccc1-n1nccn1,CC1(Nc2ccc(C(F)(F)F)cn2)CCCC1NC(=O)c1ccccc1-n1nccn1.O=C1Nc2ccccc2C1=O,6.717735290527344,6.759432315826416,0.041697025299072266
CC[N+](CC)(CC)CCOc1ccc(/C=C/c2cccc(O)c2)cc1.[I-],CC[N+](CC)(CC)CCOc1ccc(/C=C/c2cccc(O)c2)cc1.[I-].c1ccc(-c2nc3ccccc3o2)cc1,5.902554035186768,5.9670515060424805,0.06449747085571289
CC(C)(C)NS(=O)(=O)c1ccccc1-c1ccc(-c2ccc3[nH]ccc3c2)c(F)c1,C=C(C(=O)O)c1ccccc1.CC(C)(C)NS(=O)(=O)c1ccccc1-c1ccc(-c2ccc3[nH]ccc3c2)c(F)c1,6.631182670593262,6.705633163452148,0.07445049285888672
N#Cc1ccc(F)cc1Cn1c(N2CCC[C@@H](N)C2)ncc(Cl)c1=O,N#Cc1ccc(F)cc1Cn1c(N2CCC[C@@H](N)C2)ncc(Cl)c1=O.N#Cc1ccccc1,7.039183616638184,7.067790985107422,0.02860736846923828
N#Cc1cnc2cnc(NCCN3CCOCC3)cc2c1Nc1ccc(Oc2ccccc2)cc1,N#Cc1cnc2cnc(NCCN3CCOCC3)cc2c1Nc1ccc(Oc2ccccc2)cc1.c1ccc(-c2nc3ccccc3o2)cc1,6.646411895751953,6.524075508117676,-0.12233638763427734
CC(=O)N[C@@H](Cc1c[nH]c2ccccc12)C(=O)NC(Cc1ccc(NC(=O)Nc2ccccc2Cl)cc1)C(=O)N[C@@H](CC(=O)O)C(=O)N[C@H](Cc1ccc(C)cc1)C(N)=O,CC(=O)N[C@@H](Cc1c[nH]c2ccccc12)C(=O)NC(Cc1ccc(NC(=O)Nc2ccccc2Cl)cc1)C(=O)N[C@@H](CC(=O)O)C(=O)N[C@H](Cc1ccc(C)cc1)C(N)=O.N#Cc1ccccc1,6.315606117248535,6.296597480773926,-0.019008636474609375
CCC(CC)Nc1c2c(nc3c(-c4ccc(OC(F)(F)F)cc4Cl)c(C)nn13)CCC2,CCC(CC)Nc1c2c(nc3c(-c4ccc(OC(F)(F)F)cc4Cl)c(C)nn13)CCC2.N#Cc1ccccc1,6.911097526550293,6.967817783355713,0.05672025680541992
NC[C@H](Cc1cccc(C(F)(F)F)c1)NC(=O)c1cc(Br)c(-c2ccnc3[nH]ccc23)s1,C=C(C(=O)O)c1ccccc1.NC[C@H](Cc1cccc(C(F)(F)F)c1)NC(=O)c1cc(Br)c(-c2ccnc3[nH]ccc23)s1,6.866587162017822,6.5865678787231445,-0.28001928329467773
CC(C)[C@@H](Nc1ncnc2[nH]c(-c3ccc(=O)n(C)c3)cc12)c1ccc2c(c1)S(=O)(=O)CCC2,CC(C)[C@@H](Nc1ncnc2[nH]c(-c3ccc(=O)n(C)c3)cc12)c1ccc2c(c1)S(=O)(=O)CCC2.O=C1Nc2ccccc2C1=O,6.700912952423096,6.590112209320068,-0.11080074310302734
O=C(Nc1cccc(-c2c[nH]c3ncc(-c4ccccc4)cc23)c1)Nc1cccc([N+](=O)[O-])c1,N#Cc1ccccc1.O=C(Nc1cccc(-c2c[nH]c3ncc(-c4ccccc4)cc23)c1)Nc1cccc([N+](=O)[O-])c1,5.96879243850708,6.225172996520996,0.256380558013916
Cc1nc2c(n1-c1ccccc1)CCN(C(=O)c1cccc(C(F)(F)F)c1Cl)C2,Cc1nc2c(n1-c1ccccc1)CCN(C(=O)c1cccc(C(F)(F)F)c1Cl)C2.N#Cc1ccccc1,6.7260942459106445,6.796618938446045,0.07052469253540039
CCc1nn(C)c2c1-c1c(Cl)ccc3c(CCCOc4cccc5cc(F)ccc45)c(C(=O)O)n(c13)CCCCOC2,CCc1nn(C)c2c1-c1c(Cl)ccc3c(CCCOc4cccc5cc(F)ccc45)c(C(=O)O)n(c13)CCCCOC2.O=C1Nc2ccccc2C1=O,7.482748985290527,7.764988422393799,0.2822394371032715
C=C[C@H]1NCc2cc(NC(=O)c3cc(F)cc4[nH]ncc34)ccc21,C=C[C@H]1NCc2cc(NC(=O)c3cc(F)cc4[nH]ncc34)ccc21.c1csc(-c2cccs2)c1,6.408663749694824,6.404549598693848,-0.0041141510009765625
O=C(CBr)c1ccccc1,C=C(C(=O)O)c1ccccc1.O=C(CBr)c1ccccc1,5.5476250648498535,5.5748724937438965,0.02724742889404297
CCN(CC)CCn1c(CCc2ccccc2)nc2cc(/C=C/C(=O)NO)ccc21.Cl.Cl,C=C(C(=O)O)c1ccccc1.CCN(CC)CCn1c(CCc2ccccc2)nc2cc(/C=C/C(=O)NO)ccc21.Cl.Cl,6.291332244873047,6.3527936935424805,0.061461448669433594
CCOC(=O)CCN(C(=O)c1ccc2c(c1)nc(CNc1ccc(C(=N)N)cc1)n2C)c1ccccn1,CCOC(=O)CCN(C(=O)c1ccc2c(c1)nc(CNc1ccc(C(=N)N)cc1)n2C)c1ccccn1.N#Cc1ccccc1,6.0364556312561035,6.086884498596191,0.05042886734008789
COc1ccc(/C=C/[C@@H]2c3c(OC)cc(O)c(I)c3O[C@H]3c4c(OC)cc(O)c(I)c4O[C@H](c4ccccc4)[C@@H]23)cc1,C=C(C(=O)O)c1ccccc1.COc1ccc(/C=C/[C@@H]2c3c(OC)cc(O)c(I)c3O[C@H]3c4c(OC)cc(O)c(I)c4O[C@H](c4ccccc4)[C@@H]23)cc1,5.509853839874268,5.714597702026367,0.2047438621520996
CN1C(=O)N2Cc3c(c4cc(OCCN5CCOCC5)ccc4n3Cc3ccc(C(=O)NO)cc3)[C@](C)(C2)C1=O.Cl,CN1C(=O)N2Cc3c(c4cc(OCCN5CCOCC5)ccc4n3Cc3ccc(C(=O)NO)cc3)[C@](C)(C2)C1=O.Cl.c1csc(-c2cccs2)c1,6.768126964569092,6.715836048126221,-0.052290916442871094
NCc1cccc(N2CCN(C(=O)OCc3ccccc3)[C@H](c3ccc(OCc4ccccc4)cc3)C2=O)c1,N#Cc1ccccc1.NCc1cccc(N2CCN(C(=O)OCc3ccccc3)[C@H](c3ccc(OCc4ccccc4)cc3)C2=O)c1,5.91536283493042,6.0914716720581055,0.17610883712768555
CC(=O)N1CCC(N(C(=O)c2cccc(-c3cc(Br)c4c(N)ncnn34)c2)C2CC2)CC1,CC(=O)N1CCC(N(C(=O)c2cccc(-c3cc(Br)c4c(N)ncnn34)c2)C2CC2)CC1.O=C1Nc2ccccc2C1=O,7.0193867683410645,6.7688093185424805,-0.250577449798584
O=C1O/C(=C\Cn2cc3cc(-c4ccc(Br)cc4)oc3nc2=O)C(OCc2ccccc2)=C1OCc1ccccc1,O=C1Nc2ccccc2C1=O.O=C1O/C(=C\Cn2cc3cc(-c4ccc(Br)cc4)oc3nc2=O)C(OCc2ccccc2)=C1OCc1ccccc1,5.42640495300293,5.650198459625244,0.22379350662231445
NS(=O)(=O)c1ccc(-c2ccc(C(O)c3ccccc3)cc2)cc1,N#Cc1ccccc1.NS(=O)(=O)c1ccc(-c2ccc(C(O)c3ccccc3)cc2)cc1,6.853163719177246,6.670520305633545,-0.18264341354370117
CCCC(C(=O)Nc1ccc2nn(C)cc2c1)n1cc(OC)c(-c2cc(Cl)ccc2-n2cnc(Cl)c2)cc1=O,CCCC(C(=O)Nc1ccc2nn(C)cc2c1)n1cc(OC)c(-c2cc(Cl)ccc2-n2cnc(Cl)c2)cc1=O.O=C1Nc2ccccc2C1=O,7.757147789001465,7.2517523765563965,-0.5053954124450684
C#CCN1CCC(CCc2ccc(C(N)=O)cc2)CC1,C#CCN1CCC(CCc2ccc(C(N)=O)cc2)CC1.O=C1Nc2ccccc2C1=O,6.761878490447998,6.58019495010376,-0.18168354034423828
O=c1cc(-c2ccc(O)cc2O)oc2cccc(O)c12,N#Cc1ccccc1.O=c1cc(-c2ccc(O)cc2O)oc2cccc(O)c12,5.371846675872803,5.521320819854736,0.1494741439819336
CCOc1ncccc1-c1cc(NCc2ccc(=O)n(C)c2)c2c(n1)c(C)nn2C(C)C,CCOc1ncccc1-c1cc(NCc2ccc(=O)n(C)c2)c2c(n1)c(C)nn2C(C)C.c1ccc(-c2nc3ccccc3o2)cc1,7.531115531921387,6.993508815765381,-0.5376067161560059
CC(=O)O[C@@]1(C)CCC(=O)[C@@H](C)CCC[C@]2(C)O[C@H]2C(=O)C(=C(C)C)CC1,C=C(C(=O)O)c1ccccc1.CC(=O)O[C@@]1(C)CCC(=O)[C@@H](C)CCC[C@]2(C)O[C@H]2C(=O)C(=C(C)C)CC1,5.410089015960693,5.613929271697998,0.2038402557373047
O=C(c1cc2ccc(C3CCC3)cc2[nH]1)N1CCCc2cnccc2C1,C=C(C(=O)O)c1ccccc1.O=C(c1cc2ccc(C3CCC3)cc2[nH]1)N1CCCc2cnccc2C1,6.9761247634887695,6.857784271240234,-0.11834049224853516
NS(=O)(=O)OC[C@H]1OC(O)[C@H](O)[C@@H](O)[C@@H]1O,NS(=O)(=O)OC[C@H]1OC(O)[C@H](O)[C@@H](O)[C@@H]1O.c1ccc(-c2nc3ccccc3o2)cc1,6.182010173797607,6.025021553039551,-0.15698862075805664
COc1cc(N2CCOCC2)ccc1Nc1ncc(F)c(Nc2ccccc2NS(C)(=O)=O)n1,COc1cc(N2CCOCC2)ccc1Nc1ncc(F)c(Nc2ccccc2NS(C)(=O)=O)n1.O=C1Nc2ccccc2C1=O,7.255731582641602,7.182102680206299,-0.07362890243530273
COc1c(C)c2c(c(O)c1C/C=C(\C)CN(CCP(=O)(O)O)S(C)(=O)=O)C(=O)OC2,C=C(C(=O)O)c1ccccc1.COc1c(C)c2c(c(O)c1C/C=C(\C)CN(CCP(=O)(O)O)S(C)(=O)=O)C(=O)OC2,6.051044940948486,6.230111122131348,0.17906618118286133
COc1cccc(-c2csc(C(=O)N(C)c3cccc(OC)c3)c2)c1,COc1cccc(-c2csc(C(=O)N(C)c3cccc(OC)c3)c2)c1.c1csc(-c2cccs2)c1,6.069484233856201,6.061817646026611,-0.007666587829589844
OC(COc1cccc(-c2csc3ccccc23)c1)CN1CCc2ccccc2C1,OC(COc1cccc(-c2csc3ccccc23)c1)CN1CCc2ccccc2C1.c1ccc(-c2nc3ccccc3o2)cc1,6.180175304412842,6.282081604003906,0.10190629959106445
O=S1(=O)NCCN1CC1(CNc2nonc2/C(=N/O)Nc2ccc(Br)c(F)c2)CC1,O=C1Nc2ccccc2C1=O.O=S1(=O)NCCN1CC1(CNc2nonc2/C(=N/O)Nc2ccc(Br)c(F)c2)CC1,6.791656017303467,6.701980113983154,-0.0896759033203125
CC(C)C[C@H](NC(=O)[C@H](Cc1ccc(OC(F)(C(=O)O)C(=O)O)cc1)NC(=O)[C@H](CCC(=O)OCc1ccccc1)NC(=O)OCC1c2ccccc2-c2ccccc21)C(N)=O,CC(C)C[C@H](NC(=O)[C@H](Cc1ccc(OC(F)(C(=O)O)C(=O)O)cc1)NC(=O)[C@H](CCC(=O)OCc1ccccc1)NC(=O)OCC1c2ccccc2-c2ccccc21)C(N)=O.c1csc(-c2cccs2)c1,6.370893955230713,6.353221416473389,-0.01767253875732422
COc1ccc(NC(=S)NC(=O)c2cn(-c3ccccc3)nc2-c2ccc(F)cc2)cc1,COc1ccc(NC(=S)NC(=O)c2cn(-c3ccccc3)nc2-c2ccc(F)cc2)cc1.c1ccc(-c2nc3ccccc3o2)cc1,5.880683422088623,5.866796970367432,-0.013886451721191406
COc1ccc(CNCCc2c[nH]c3ccc(OC)cc23)cc1,COc1ccc(CNCCc2c[nH]c3ccc(OC)cc23)cc1.O=C1Nc2ccccc2C1=O,6.183169364929199,5.996984481811523,-0.18618488311767578
CCC(CC)CCCCN1c2ccccc2Oc2ccc(Cl)cc21,CCC(CC)CCCCN1c2ccccc2Oc2ccc(Cl)cc21.N#Cc1ccccc1,6.054574966430664,6.207838535308838,0.15326356887817383
CN1CCc2c(Cl)ccc3oc(Br)c(c23)C1,CN1CCc2c(Cl)ccc3oc(Br)c(c23)C1.O=C1Nc2ccccc2C1=O,6.270756721496582,6.240345001220703,-0.030411720275878906
O=C(O[C@H]1C[C@H](n2cc(F)c(=O)[nH]c2=O)O[C@@H]1CO)c1ccc(Cl)cc1,O=C(O[C@H]1C[C@H](n2cc(F)c(=O)[nH]c2=O)O[C@@H]1CO)c1ccc(Cl)cc1.c1csc(-c2cccs2)c1,5.998185157775879,6.07220983505249,0.07402467727661133
CC(C#N)OC(=O)N1CCC(CC#N)(n2nc(Nc3ccc(S(=O)(=O)N(C)C)cc3)c3c(=O)[nH]ccc32)CC1,C=C(C(=O)O)c1ccccc1.CC(C#N)OC(=O)N1CCC(CC#N)(n2nc(Nc3ccc(S(=O)(=O)N(C)C)cc3)c3c(=O)[nH]ccc32)CC1,9.049138069152832,8.587799072265625,-0.46133899688720703
N#Cc1ccc(-c2ccc(C[C@@H](C#N)NC(=O)[C@@H]3CNCCCO3)cc2)s1,N#Cc1ccc(-c2ccc(C[C@@H](C#N)NC(=O)[C@@H]3CNCCCO3)cc2)s1.c1ccc(-c2nc3ccccc3o2)cc1,7.020914554595947,6.808720111846924,-0.21219444274902344
Cc1nc(N[C@H](C)c2cccc(C(F)F)c2F)c2cc(C3CCN(CC(F)(F)F)CC3)c(=O)n(C)c2n1,Cc1nc(N[C@H](C)c2cccc(C(F)F)c2F)c2cc(C3CCN(CC(F)(F)F)CC3)c(=O)n(C)c2n1.N#Cc1ccccc1,7.290229797363281,7.372159004211426,0.08192920684814453
CC(C)(C)c1cc(CNCC2CCN(CCCCCC(c3ccc(F)cc3)c3ccc(F)cc3)C2)cc(C(C)(C)C)c1O,CC(C)(C)c1cc(CNCC2CCN(CCCCCC(c3ccc(F)cc3)c3ccc(F)cc3)C2)cc(C(C)(C)C)c1O.c1ccc(-c2nc3ccccc3o2)cc1,6.766310691833496,6.690420627593994,-0.07589006423950195
Nc1ncc(CCCNC(=O)[C@@H]2CCCN2C(=O)[C@H](N)C(c2ccccc2)c2ccccc2)s1,Nc1ncc(CCCNC(=O)[C@@H]2CCCN2C(=O)[C@H](N)C(c2ccccc2)c2ccccc2)s1.O=C1Nc2ccccc2C1=O,6.680424690246582,6.724517822265625,0.04409313201904297
COc1cccc(C(=O)NCCCCCN2CCN(c3ccc(Cl)cc3)CC2)c1,COc1cccc(C(=O)NCCCCCN2CCN(c3ccc(Cl)cc3)CC2)c1.N#Cc1ccccc1,6.479998588562012,6.613662242889404,0.13366365432739258
CC1=CC(Cc2ccc(Cl)cc2Cl)c2c(/C=C/C(=O)NS(=O)(=O)c3cccs3)cc(F)cc21,C=C(C(=O)O)c1ccccc1.CC1=CC(Cc2ccc(Cl)cc2Cl)c2c(/C=C/C(=O)NS(=O)(=O)c3cccs3)cc(F)cc21,6.513026714324951,6.678295612335205,0.1652688980102539
CC(=O)OC[C@H]1O[C@@H](Oc2ccc(NC(=O)CNC(=O)CCCc3ccc(N(CCCl)CCCl)cc3)cc2)[C@H](F)[C@@H](OC(C)=O)[C@@H]1OC(C)=O,CC(=O)OC[C@H]1O[C@@H](Oc2ccc(NC(=O)CNC(=O)CCCc3ccc(N(CCCl)CCCl)cc3)cc2)[C@H](F)[C@@H](OC(C)=O)[C@@H]1OC(C)=O.c1ccc(-c2nc3ccccc3o2)cc1,5.796769142150879,5.779412746429443,-0.017356395721435547
C[C@@H]1OCC2(CCN(c3ncc(Sc4ccnc(Cl)c4Cl)nc3[S+](C)[O-])CC2)[C@@H]1N,C[C@@H]1OCC2(CCN(c3ncc(Sc4ccnc(Cl)c4Cl)nc3[S+](C)[O-])CC2)[C@@H]1N.c1ccc(-c2nc3ccccc3o2)cc1,7.027415752410889,7.044854640960693,0.017438888549804688
O=C(CCCOc1ccccc1)NC[C@H]1O[C@@H](n2cnc3c(NCc4ccc(Oc5ccccc5)cc4)ncnc32)[C@H](O)[C@@H]1O,O=C(CCCOc1ccccc1)NC[C@H]1O[C@@H](n2cnc3c(NCc4ccc(Oc5ccccc5)cc4)ncnc32)[C@H](O)[C@@H]1O.c1csc(-c2cccs2)c1,6.264267921447754,6.229201316833496,-0.03506660461425781
CC(C)(C)c1ccc2c(c1)CCC2NC(=O)Nc1cccc2[nH]ncc12,CC(C)(C)c1ccc2c(c1)CCC2NC(=O)Nc1cccc2[nH]ncc12.O=C1Nc2ccccc2C1=O,6.8670830726623535,7.185975551605225,0.3188924789428711
Cc1c(CO)c(CO)c2c3cc4ccccc4cc3c(N3CCOCC3)nn12,Cc1c(CO)c(CO)c2c3cc4ccccc4cc3c(N3CCOCC3)nn12.c1csc(-c2cccs2)c1,6.151507377624512,6.086085796356201,-0.06542158126831055
CS(=O)(=O)c1ccc(Oc2c(C3CCC3)ccc(-c3cnc(N)cn3)c2F)c(C(F)(F)F)c1,CS(=O)(=O)c1ccc(Oc2c(C3CCC3)ccc(-c3cnc(N)cn3)c2F)c(C(F)(F)F)c1.N#Cc1ccccc1,7.308227062225342,7.287515163421631,-0.020711898803710938
CCCCC(=O)O[C@H]1C[C@@H](C(=O)OC)[C@]2(C)CC[C@H]3C(=O)O[C@H](c4ccoc4)C[C@]3(C)[C@H]2C1=O,CCCCC(=O)O[C@H]1C[C@@H](C(=O)OC)[C@]2(C)CC[C@H]3C(=O)O[C@H](c4ccoc4)C[C@]3(C)[C@H]2C1=O.c1ccc(-c2nc3ccccc3o2)cc1,6.45896053314209,6.539958953857422,0.08099842071533203
CC#Cc1cccc2nc([C@H](CC)Nc3ncnc(N)c3-c3nnc(C)o3)n(-c3ccccc3)c(=O)c12,CC#Cc1cccc2nc([C@H](CC)Nc3ncnc(N)c3-c3nnc(C)o3)n(-c3ccccc3)c(=O)c12.N#Cc1ccccc1,7.140490531921387,6.943222999572754,-0.1972675323486328
COc1cc([C@@H]2c3cc4c(cc3[C@H](OC(=O)c3sccc3Cl)[C@H]3COC(=O)[C@H]23)OCO4)cc(OC)c1OC,C=C(C(=O)O)c1ccccc1.COc1cc([C@@H]2c3cc4c(cc3[C@H](OC(=O)c3sccc3Cl)[C@H]3COC(=O)[C@H]23)OCO4)cc(OC)c1OC,5.775412082672119,5.744293212890625,-0.03111886978149414
Cc1ccc(S(=O)(=O)Nc2ccc(NC(=O)CCCCCCNC(=O)C(O)(O)C(F)(F)F)cc2)cc1,C=C(C(=O)O)c1ccccc1.Cc1ccc(S(=O)(=O)Nc2ccc(NC(=O)CCCCCCNC(=O)C(O)(O)C(F)(F)F)cc2)cc1,5.624456405639648,5.632190227508545,0.007733821868896484
O=C(Nc1cnccc1Cl)N1CCN(Cc2cccc(Oc3ccc(Cl)cc3)c2)CC1,O=C(Nc1cnccc1Cl)N1CCN(Cc2cccc(Oc3ccc(Cl)cc3)c2)CC1.c1csc(-c2cccs2)c1,6.701147556304932,6.6224684715271,-0.07867908477783203
COc1ccc(CN(CCN(C)C)c2ccc(C(=O)Nc3ccccc3N)cn2)cc1,COc1ccc(CN(CCN(C)C)c2ccc(C(=O)Nc3ccccc3N)cn2)cc1.c1csc(-c2cccs2)c1,6.281503200531006,6.3726630210876465,0.09115982055664062
COc1ccc(F)cc1-c1ccnc2[nH]c([C@@H]3CCCNC3)cc12,COc1ccc(F)cc1-c1ccnc2[nH]c([C@@H]3CCCNC3)cc12.c1csc(-c2cccs2)c1,7.239843845367432,7.204245090484619,-0.0355987548828125
COc1ccc(CCC2(C3CCCC3)CC(=O)C(Sc3ccccc3)=C(O)O2)cc1Cl,COc1ccc(CCC2(C3CCCC3)CC(=O)C(Sc3ccccc3)=C(O)O2)cc1Cl.c1ccc(-c2nc3ccccc3o2)cc1,6.27395486831665,6.543459415435791,0.2695045471191406
COc1ccc2c(c1)OC/C(=C\c1ccccc1O)C2=O,C=C(C(=O)O)c1ccccc1.COc1ccc2c(c1)OC/C(=C\c1ccccc1O)C2=O,5.23395299911499,5.2422990798950195,0.008346080780029297
O=C(/C=C/c1ccc(F)c(F)c1)N1CCN(CCN2C(=O)c3cccc4cccc(c34)C2=O)CC1,C=C(C(=O)O)c1ccccc1.O=C(/C=C/c1ccc(F)c(F)c1)N1CCN(CCN2C(=O)c3cccc4cccc(c34)C2=O)CC1,5.872557163238525,5.904404640197754,0.031847476959228516
C=CCS(=O)(=O)c1ccc(Nc2ncc(C(F)(F)F)c(O[C@H](C)C(C)(C)O)n2)cc1,C=CCS(=O)(=O)c1ccc(Nc2ncc(C(F)(F)F)c(O[C@H](C)C(C)(C)O)n2)cc1.c1csc(-c2cccs2)c1,6.996031284332275,6.978358745574951,-0.01767253875732422
CCO[P@]1(=O)N=C(C2=C(O)[C@@H](C(C)(C)C)N(CCC(C)(C)C)C2=O)Nc2ccc(NS(C)(=O)=O)cc21,C=C(C(=O)O)c1ccccc1.CCO[P@]1(=O)N=C(C2=C(O)[C@@H](C(C)(C)C)N(CCC(C)(C)C)C2=O)Nc2ccc(NS(C)(=O)=O)cc21,7.167130947113037,7.234760761260986,0.06762981414794922
Cc1ccc2c(=O)cc(-c3ccc(Oc4ccc(Cl)cc4)cc3)oc2c1,Cc1ccc2c(=O)cc(-c3ccc(Oc4ccc(Cl)cc4)cc3)oc2c1.c1ccc(-c2nc3ccccc3o2)cc1,5.645148277282715,5.7490997314453125,0.10395145416259766
COc1cc(-c2[nH]c3ccc(C4CCN(C5CCOCC5)CC4)cc3c2C(C)C)ccn1,COc1cc(-c2[nH]c3ccc(C4CCN(C5CCOCC5)CC4)cc3c2C(C)C)ccn1.O=C1Nc2ccccc2C1=O,7.132259368896484,6.90907096862793,-0.2231884002685547
CC1=C[C@@H]2Cc3nc4cc(Cl)ccc4c(NCCCN4CCOCC4)c3[C@H](C1)C2,CC1=C[C@@H]2Cc3nc4cc(Cl)ccc4c(NCCCN4CCOCC4)c3[C@H](C1)C2.c1ccc(-c2nc3ccccc3o2)cc1,6.535278797149658,6.353286266326904,-0.1819925308227539
O=C(Nc1cccc(Cc2n[nH]c(=O)c3c2CCCC3)c1)C1=Cc2cc(Cl)ccc2OC1,N#Cc1ccccc1.O=C(Nc1cccc(Cc2n[nH]c(=O)c3c2CCCC3)c1)C1=Cc2cc(Cl)ccc2OC1,6.468935966491699,6.640705108642578,0.1717691421508789
O=c1cnc(-c2ccccc2)nn1Cc1ccccc1Cl,N#Cc1ccccc1.O=c1cnc(-c2ccccc2)nn1Cc1ccccc1Cl,5.983384132385254,6.45012903213501,0.46674489974975586
C=C1CC[C@@H](OC(C)=O)[C@]2(C)C[C@H](OC(C)=O)[C@H]3C(=C)C(=O)O[C@@H]3C12,C=C1CC[C@@H](OC(C)=O)[C@]2(C)C[C@H](OC(C)=O)[C@H]3C(=C)C(=O)O[C@@H]3C12.c1csc(-c2cccs2)c1,5.284204006195068,5.48021125793457,0.19600725173950195
COc1ccc(CC2(CCCCCCCC(F)CF)C(=O)NC(=O)NC2=O)cc1,COc1ccc(CC2(CCCCCCCC(F)CF)C(=O)NC(=O)NC2=O)cc1.N#Cc1ccccc1,6.538677215576172,6.439319610595703,-0.09935760498046875
Cc1cc(Nc2nc3ccc(C(=O)Nc4c(C)cccc4Cl)cc3s2)nc(NCCO)n1,Cc1cc(Nc2nc3ccc(C(=O)Nc4c(C)cccc4Cl)cc3s2)nc(NCCO)n1.c1csc(-c2cccs2)c1,6.830345153808594,6.802962779998779,-0.027382373809814453
CCc1nn(-c2cc(O[C@@H](C)C(F)(F)F)c(C(=O)Nc3ccc(F)cc3C)cc2F)c(=O)n1C,CCc1nn(-c2cc(O[C@@H](C)C(F)(F)F)c(C(=O)Nc3ccc(F)cc3C)cc2F)c(=O)n1C.O=C1Nc2ccccc2C1=O,7.373115539550781,7.332557201385498,-0.0405583381652832
O=C(Nc1cc(-c2ccccc2)sc1C(=O)O)c1ccc(-c2ccccc2)cc1,O=C(Nc1cc(-c2ccccc2)sc1C(=O)O)c1ccc(-c2ccccc2)cc1.c1ccc(-c2nc3ccccc3o2)cc1,5.703958034515381,5.775086879730225,0.07112884521484375
COC(=O)[C@@H](C)Cn1c(=O)[nH]/c(=N\c2ccc(Oc3ccccn3)c(C)c2)n(Cc2ccc(C)cc2)c1=O,C=C(C(=O)O)c1ccccc1.COC(=O)[C@@H](C)Cn1c(=O)[nH]/c(=N\c2ccc(Oc3ccccn3)c(C)c2)n(Cc2ccc(C)cc2)c1=O,7.998581886291504,8.064987182617188,0.0664052963256836
COc1ccc2sc(C(=O)N(C)Cc3cccc(F)c3)cc2c1,COc1ccc2sc(C(=O)N(C)Cc3cccc(F)c3)cc2c1.N#Cc1ccccc1,6.55425500869751,6.558533191680908,0.0042781829833984375
